{
  "project_info": {
    "project_number": "404146072136",
    "firebase_url": "https://lastproject-6d8b8-default-rtdb.firebaseio.com",
    "project_id": "lastproject-6d8b8",
    "storage_bucket": "lastproject-6d8b8.appspot.com"
  },
  "client": [
    {
      "client_info": {
        "mobilesdk_app_id": "1:404146072136:android:1005f61a6d6dad27a3467d",
        "android_client_info": {
          "package_name": "com.ta.fbasebarang"
        }
      },
      "oauth_client": [],
      "api_key": [
        {
          "current_key": "AIzaSyCa93WP7LU_9cw5rnl0tMwayvIcVwJKRNs"
        }
      ],
      "services": {
        "appinvite_service": {
          "other_platform_oauth_client": []
        }
      }
    }
  ],
  "configuration_version": "1"
}